candidate_id,full_name,job_id,source,applied_at
1,Arjun Agarwal,1,Company Website,2026-07-22
2,Nikhil Shah,4,LinkedIn,2026-06-23
3,Ravi Shah,3,Referral,2026-06-17
4,Sneha Menon,4,Company Website,2026-05-26
5,Ananya Rao,2,Campus,2026-05-31
6,Simran Pillai,5,Campus,2026-03-12
7,Rohan Agarwal,2,Job Board,2026-06-05
8,Arjun Menon,6,LinkedIn,2026-07-26
9,Rohan Patel,4,LinkedIn,2026-05-14
10,Sanjay Rao,7,Referral,2026-05-11
11,Arjun Shah,6,LinkedIn,2026-05-30
12,Simran Patel,3,Referral,2026-07-15
13,Vikram Agarwal,8,Referral,2026-06-06
14,Divya Verma,6,Job Board,2026-03-15
15,Rohan Iyer,7,Campus,2026-05-08
16,Dev Chawla,6,Company Website,2026-04-24
17,Vikram Reddy,8,Referral,2026-04-06
18,Neha Bose,5,Company Website,2026-07-28
19,Karan Malhotra,6,Company Website,2026-04-26
20,Ananya Nair,2,Referral,2026-03-13
21,Shreya Menon,3,Company Website,2026-06-17
22,Sanjay Malhotra,7,Job Board,2026-07-31
23,Tara Agarwal,1,Job Board,2026-03-30
24,Anjali Fernandes,6,Referral,2026-03-29
25,Simran Shah,8,Campus,2026-03-01
26,Sana Nair,3,Job Board,2026-07-08
27,Pooja Gupta,4,Campus,2026-04-09
28,Ravi Chawla,1,LinkedIn,2026-08-01
29,Varun Kulkarni,2,Referral,2026-06-01
30,Varun Bose,1,LinkedIn,2026-05-01
31,Manav Menon,2,Campus,2026-07-03
32,Tara Chawla,3,Campus,2026-04-02
33,Rahul Kapoor,3,Company Website,2026-05-07
34,Aditya Iyer,4,Job Board,2026-07-17
35,Sanjay Malhotra,7,Company Website,2026-06-04
36,Divya Menon,2,Job Board,2026-05-03
37,Kavya Patel,1,Campus,2026-07-29
38,Rohan Verma,4,Referral,2026-03-02
39,Ananya Joshi,2,LinkedIn,2026-03-09
40,Tara Chawla,4,Referral,2026-05-11
41,Nikhil Chawla,3,Referral,2026-07-25
42,Arjun Nair,8,LinkedIn,2026-06-13
43,Neha Fernandes,7,Company Website,2026-05-30
44,Priya D'Souza,1,Job Board,2026-03-26
45,Arjun Iyer,2,Campus,2026-05-03
46,Neha Gupta,8,Job Board,2026-04-05
47,Ananya Menon,8,Company Website,2026-05-03
48,Dev Agarwal,2,LinkedIn,2026-03-13
49,Meera Fernandes,2,Company Website,2026-04-30
50,Ananya D'Souza,8,LinkedIn,2026-04-24
51,Aarav D'Souza,3,Job Board,2026-06-06
52,Neha Agarwal,8,Company Website,2026-05-13
53,Anjali Iyer,3,LinkedIn,2026-04-18
54,Priya Verma,1,Campus,2026-05-20
55,Sana Malhotra,8,Referral,2026-07-07
56,Rohan Gupta,1,LinkedIn,2026-07-09
57,Amit Nair,2,Campus,2026-04-30
58,Shreya Verma,4,Campus,2026-07-27
59,Tara Bose,2,Campus,2026-06-16
60,Arjun Joshi,6,Referral,2026-05-06
61,Karan Kulkarni,5,Company Website,2026-06-10
62,Aarav Pillai,6,Campus,2026-03-19
63,Kavya Iyer,2,Campus,2026-03-19
64,Sana Rao,5,LinkedIn,2026-04-03
65,Anjali Gupta,4,Company Website,2026-06-03
66,Aarav Agarwal,5,Job Board,2026-07-14
67,Vikram Nair,2,LinkedIn,2026-04-04
68,Anjali Kapoor,3,Referral,2026-05-09
69,Tara Shah,6,Campus,2026-04-22
70,Varun Verma,8,LinkedIn,2026-05-04
71,Priya Sharma,7,Job Board,2026-05-10
72,Meera Pillai,3,Campus,2026-05-07
73,Aarav Nair,7,LinkedIn,2026-07-22
74,Priya Rao,3,Campus,2026-07-18
75,Karan Verma,3,Job Board,2026-06-19
76,Varun Rao,6,Referral,2026-03-11
77,Pooja Agarwal,4,Company Website,2026-03-27
78,Ananya Gupta,3,Referral,2026-04-30
79,Meera Joshi,7,Company Website,2026-03-07
80,Meera Nair,4,Company Website,2026-05-08
81,Divya Iyer,1,Company Website,2026-06-29
82,Manav Patel,6,Referral,2026-05-18
83,Amit Joshi,1,Job Board,2026-04-19
84,Pooja Malhotra,2,Company Website,2026-05-11
85,Sneha Shah,6,Referral,2026-03-08
86,Sneha Kapoor,5,Company Website,2026-03-10
87,Neha Kapoor,6,Campus,2026-05-20
88,Varun Bose,2,Referral,2026-06-07
89,Yash Fernandes,5,LinkedIn,2026-03-12
90,Neha Menon,4,Job Board,2026-06-02
91,Simran Kulkarni,6,Campus,2026-04-01
92,Ravi D'Souza,5,Job Board,2026-06-13
93,Neha D'Souza,3,Referral,2026-04-19
94,Kavya Sharma,5,Job Board,2026-06-12
95,Neha Bose,5,Campus,2026-04-23
96,Sanjay Pillai,6,Referral,2026-06-28
97,Tara Menon,8,Job Board,2026-04-13
98,Manav Patel,6,Job Board,2026-03-24
99,Karan Sharma,4,LinkedIn,2026-04-20
100,Shreya Menon,4,Company Website,2026-06-30
101,Arjun D'Souza,7,Company Website,2026-07-26
102,Karan Sharma,7,LinkedIn,2026-05-02
103,Meera Malhotra,7,Company Website,2026-04-26
104,Divya Nair,1,Company Website,2026-07-21
105,Tara Malhotra,3,Campus,2026-06-27
106,Shreya Malhotra,6,Company Website,2026-06-22
107,Simran Chawla,8,Company Website,2026-04-10
108,Manav Shah,5,Campus,2026-05-03
109,Vikram Pillai,8,LinkedIn,2026-05-01
110,Vikram Joshi,5,Job Board,2026-04-30
111,Karan Patel,2,Company Website,2026-04-05
112,Rohan Fernandes,3,Company Website,2026-04-24
113,Sanjay Fernandes,6,LinkedIn,2026-07-17
114,Amit Bose,4,LinkedIn,2026-06-16
115,Aarav Rao,7,Job Board,2026-07-01
116,Kavya Agarwal,7,Campus,2026-06-16
117,Divya Shah,4,Company Website,2026-07-03
118,Amit Joshi,8,Company Website,2026-03-08
119,Sana Reddy,3,Campus,2026-06-28
120,Nikhil Bose,1,LinkedIn,2026-06-09
121,Karan Pillai,2,Referral,2026-06-18
122,Amit Joshi,1,Referral,2026-05-06
123,Ravi D'Souza,8,Job Board,2026-05-23
124,Manav Menon,7,Company Website,2026-05-04
125,Priya Rao,1,Referral,2026-07-17
126,Aditya Sharma,2,Referral,2026-03-11
127,Shreya Reddy,4,Referral,2026-03-06
128,Tara Nair,3,Campus,2026-06-30
129,Yash Shah,4,Job Board,2026-06-28
130,Aditya Gupta,3,Job Board,2026-03-30
131,Aarav Kulkarni,2,Campus,2026-07-27
132,Yash Iyer,7,LinkedIn,2026-06-10
133,Yash Kulkarni,4,Campus,2026-03-27
134,Riya Verma,2,Job Board,2026-07-23
135,Rohan Malhotra,7,Job Board,2026-06-03
136,Manav Chawla,1,LinkedIn,2026-06-16
137,Dev Pillai,7,Referral,2026-06-01
138,Simran Malhotra,7,Job Board,2026-04-15
139,Neha Bose,8,Job Board,2026-06-28
140,Manav Menon,6,Job Board,2026-05-02
141,Aditya Pillai,8,Campus,2026-05-02
142,Aarav Chawla,7,Job Board,2026-05-26
143,Arjun Rao,3,Job Board,2026-07-03
144,Varun Kapoor,6,Job Board,2026-05-11
145,Arjun Menon,1,Referral,2026-07-11
146,Kavya Patel,7,Company Website,2026-07-04
147,Riya Sharma,8,LinkedIn,2026-06-23
148,Amit Patel,5,Job Board,2026-04-26
149,Kavya Malhotra,6,Job Board,2026-06-30
150,Ravi Rao,7,Company Website,2026-07-19
